1,Sport Everything,Sports,173.36,89.84,425,Smith-Charles,3/13/2025
2,Beaut But,Beauty,457.13,251.28,683,"Moss, Rodriguez and Escobar",9/1/2021
3,Healt Structure,Health,289.54,157.27,910,Buchanan Ltd,4/3/2024
4,Automotiv Church,Automotive,122.9,78.58,772,Russo-Fox,2/18/2022
5,Sport Traditional,Sports,154.14,92.51,632,"Rodriguez, Garrison and Montgomery",1/10/2022
6,Automotiv Organization,Automotive,95.94,29.08,468,"Hernandez, Kirby and Walker",10/7/2022
7,Toy Write,Toys,322.63,102.9,670,Montgomery-Barker,4/22/2021
8,Beaut Other,Beauty,81.14,48.8,696,Soto Inc,1/2/2022
9,Automotiv Impact,Automotive,90.73,57.92,912,Taylor-Henson,3/2/2024
10,Beaut Reflect,Beauty,368.37,142.4,68,"White, Garcia and Weaver",2/28/2023
11,Book Paper,Books,59.98,31.75,58,"Cummings, Daniel and Fitzgerald",7/23/2020
12,Book Husband,Books,17.6,6.98,786,Cox-Jones,5/2/2023
13,Healt Behind,Health,165.94,61.71,569,"Simpson, Woodard and Bass",11/13/2024
14,Clothin Act,Clothing,405.87,226.98,763,"Sanchez, Hanson and Arnold",11/15/2022
15,Home & Kitche Another,Home & Kitchen,284.98,174.28,390,"Walker, Sanchez and Leach",1/31/2022
16,Toy Part,Toys,415.42,283.49,751,"Jones, Gomez and Grimes",7/24/2021
17,Grocer Mean,Grocery,459.21,295.44,812,Powell-Hudson,11/18/2024
18,Beaut Option,Beauty,486.1,259.32,372,Ingram and Sons,12/28/2024
19,Beaut Low,Beauty,493.24,291.26,104,"Cox, Johnson and Reynolds",1/30/2025
20,Book Something,Books,20.28,12.46,29,Harding-Jones,11/16/2020
21,Book Through,Books,197.44,109.84,593,"Gentry, Pham and Powell",1/25/2023
22,Grocer Across,Grocery,343.83,114.66,538,Roberts Group,3/4/2023
23,Clothin Option,Clothing,359.82,115.4,36,Villa Group,10/28/2020
24,Automotiv She,Automotive,206.44,108.44,157,"Garcia, Burns and Carey",8/6/2020
25,Clothin Several,Clothing,469.22,287.24,389,"Baker, Meyer and Evans",9/14/2022
26,Healt Voice,Health,289.79,198.42,27,Bailey PLC,1/1/2024
27,Home & Kitche Wall,Home & Kitchen,324.88,178.14,255,Chen Inc,7/25/2024
28,Automotiv Project,Automotive,20.36,8.79,669,"Strong, Brown and Cannon",7/25/2020
29,Book Service,Books,87.92,36.35,326,"Horn, Nguyen and Simmons",11/5/2024
30,Book Yet,Books,463.82,285.92,356,Anderson LLC,12/7/2021
31,Grocer Medical,Grocery,151.01,89.47,721,Duran-Williams,1/4/2023
32,Automotiv Cover,Automotive,336.75,218.84,634,Macias and Sons,1/11/2025
33,Sport Expert,Sports,330.49,139.81,316,Blair-Jones,9/22/2024
34,Automotiv Inside,Automotive,20.02,13.26,326,Davis Inc,11/26/2021
35,Healt Owner,Health,352.19,134.14,21,"Schmidt, Howell and Hamilton",1/24/2024
36,Home & Kitche Behavior,Home & Kitchen,144.14,54.32,840,"Drake, Bailey and Wagner",9/6/2021
37,Electronic Two,Electronics,151.5,56.49,909,Oconnor PLC,12/24/2024
38,Clothin Myself,Clothing,262.63,153.12,645,Barnes-Palmer,11/6/2021
39,Toy When,Toys,43.59,16.64,377,Alexander-Daugherty,7/31/2023
40,Home & Kitche Moment,Home & Kitchen,496.37,207.59,177,"Campbell, Sherman and Cervantes",7/31/2023
41,Sport Place,Sports,104.95,47.87,39,"Valdez, Snyder and Jackson",11/26/2023
42,Toy Level,Toys,29.64,15.05,605,Carlson-James,9/14/2023
43,Electronic Short,Electronics,434.91,170.09,233,Bean-Larson,4/20/2023
44,Toy Represent,Toys,216.29,117.05,357,Thomas-Hurley,1/14/2025
45,Grocer Car,Grocery,227.93,112.14,649,Gutierrez-Clark,1/12/2021
46,Grocer Detail,Grocery,432.42,217.95,632,Barnes Ltd,6/10/2021
47,Book Official,Books,362.12,168.64,857,"Thornton, Vega and Martin",3/8/2025
48,Beaut Dark,Beauty,325.06,149.38,345,Turner PLC,6/28/2023
49,Clothin Energy,Clothing,36.06,14.65,657,"Rhodes, Nelson and Patrick",4/14/2023
50,Toy Real,Toys,42.36,25.23,965,Taylor-Murphy,9/13/2020
51,Clothin Them,Clothing,452.91,139.26,921,"Chavez, Gentry and Lewis",2/26/2024
52,Beaut Its,Beauty,373.73,138.87,33,Black-Craig,6/9/2024
53,Clothin Bag,Clothing,347.84,208.37,84,Webb Ltd,6/5/2021
54,Grocer Such,Grocery,392.97,253.58,103,"Parker, Adkins and King",5/15/2023
55,Home & Kitche Speech,Home & Kitchen,318.62,206.65,313,Petersen-Miller,9/1/2021
56,Beaut Shake,Beauty,444.26,159.85,662,"Torres, Walker and Flores",1/31/2022
57,Sport Report,Sports,304.1,193.84,808,Herman Ltd,3/8/2022
58,Automotiv Take,Automotive,400.75,275.96,917,Savage-Jackson,3/16/2024
59,Beaut Animal,Beauty,199.1,111.74,353,Contreras-Conner,5/30/2025
60,Beaut Sport,Beauty,194.06,66.55,296,Medina and Sons,3/11/2022
61,Electronic Executive,Electronics,178.57,124.44,935,Roach-Holland,7/25/2023
62,Sport Floor,Sports,231.24,116.04,58,Salinas Inc,12/7/2020
63,Healt Know,Health,67.18,21.88,799,"Gregory, Schroeder and Mendoza",1/14/2024
64,Sport Politics,Sports,25.45,17.29,744,Fox PLC,9/19/2020
65,Healt Southern,Health,315.32,139.53,787,Gonzalez-Burnett,7/2/2024
66,Beaut Glass,Beauty,310.65,148.84,738,Pearson Group,9/19/2024
67,Toy Region,Toys,473.86,241.74,288,Bautista-Miller,8/8/2023
68,Electronic Money,Electronics,9.7,5.44,550,Beasley Inc,8/12/2021
69,Grocer Miss,Grocery,492.15,179.51,916,"Williams, Palmer and Vargas",1/28/2023
70,Grocer Animal,Grocery,440.86,300.62,869,"Nelson, Aguilar and Anderson",9/27/2020
71,Home & Kitche Institution,Home & Kitchen,240.76,117.17,948,Kim-Dunlap,12/11/2021
72,Toy Will,Toys,399.13,173.99,852,"Cook, Bautista and Lawson",11/29/2023
73,Toy Agreement,Toys,49.54,27.35,182,Mendoza-Stewart,5/11/2021
74,Grocer Example,Grocery,8.64,5.7,591,Perry PLC,1/3/2024
75,Toy Kid,Toys,425.83,272.14,68,"Bennett, Jones and Parks",4/26/2023
76,Electronic Letter,Electronics,257.55,140.58,862,Bradley PLC,10/16/2023
77,Book Meeting,Books,322.01,125.61,658,"Conrad, Abbott and Glass",1/24/2022
78,Toy Outside,Toys,157.59,63.65,640,Reyes-Schneider,6/21/2021
79,Book Media,Books,212.04,74.77,259,Gibson Group,5/15/2022
80,Sport Tv,Sports,5.1,2.27,822,Williams PLC,3/26/2024
81,Sport After,Sports,134.04,90.63,791,"Jones, Mason and Day",2/2/2021
82,Automotiv Answer,Automotive,350,180.55,524,Wright-Mendoza,1/15/2023
83,Automotiv Usually,Automotive,223.09,94.47,607,"Santana, Schultz and Hebert",10/13/2022
84,Toy Already,Toys,30.74,10.09,191,Lopez-Montgomery,2/3/2024
85,Beaut Network,Beauty,347.18,155.26,464,"Lester, Boyd and Hardy",6/4/2021
86,Healt Need,Health,403.59,206.93,416,Gardner Group,11/23/2021
87,Clothin Science,Clothing,430.01,221.93,959,"Marquez, Davis and Fernandez",5/24/2024
88,Sport Son,Sports,446.87,203.44,467,Todd-Chavez,12/22/2022
89,Sport Modern,Sports,88.67,32.13,317,Booker-Solomon,4/29/2022
90,Automotiv So,Automotive,9.89,3.45,73,"Green, Nelson and Wong",1/8/2025
91,Electronic Off,Electronics,141.1,92.16,572,Garner Inc,2/8/2022
92,Sport Author,Sports,338.84,183.63,57,"Gomez, Mcdaniel and Garcia",6/24/2021
93,Sport Trade,Sports,330.35,207.29,894,"Williams, Edwards and Carr",8/12/2023
94,Beaut Point,Beauty,305.42,194.69,118,Chapman-Vasquez,10/16/2024
95,Beaut Approach,Beauty,311.33,174.65,275,Gibbs-Boyd,7/2/2023
96,Clothin Relate,Clothing,359.04,149.42,948,Williams-Brown,9/15/2023
97,Grocer Company,Grocery,228.37,130.16,358,Lopez-Stewart,9/5/2020
98,Toy End,Toys,264.25,90.63,480,Murphy-Green,8/19/2022
99,Clothin Marriage,Clothing,250.22,163.66,969,"Anderson, Parker and Woods",11/7/2020
100,Sport Sister,Sports,70.33,40.28,488,Lane-Silva,12/10/2021
101,Grocer Risk,Grocery,426.18,185.92,600,Dennis Inc,3/12/2021
102,Sport Newspaper,Sports,39.76,21.57,335,Bryan Ltd,5/10/2024
103,Book Fall,Books,290.31,181.74,188,Johnson-Roman,5/11/2024
104,Toy Since,Toys,20.01,12.28,746,Williams PLC,8/8/2022
105,Sport Down,Sports,197.73,135.62,514,"Myers, Davis and Yoder",3/7/2023
106,Book President,Books,98.44,62.46,215,"Joseph, Gay and Anderson",9/10/2020
107,Healt Until,Health,132.32,91.62,58,Haas and Sons,2/16/2022
108,Toy Build,Toys,236.26,159.95,645,"Ali, Wise and Grant",12/27/2023
109,Electronic Town,Electronics,145.73,76.29,281,Clark PLC,9/22/2024
110,Beaut Remain,Beauty,172.36,63.15,522,Meza-Kline,8/31/2023
111,Book Impact,Books,482.4,319.83,720,"Yates, Williams and Gross",11/21/2023
112,Beaut Newspaper,Beauty,459.25,263.13,571,"Barton, Jacobs and Perez",9/26/2021
113,Beaut Thank,Beauty,303.35,129.5,601,Davis PLC,3/21/2025
114,Beaut Medical,Beauty,8.43,4.05,10,Bryant-Gallagher,6/25/2024
115,Book For,Books,480.39,163.93,21,"Martinez, Gonzalez and Deleon",10/3/2020
116,Home & Kitche Officer,Home & Kitchen,132.31,45.5,781,Ramsey-Hernandez,9/19/2020
117,Clothin Meeting,Clothing,395.46,173.91,743,"Ingram, Holloway and Murray",10/20/2021
118,Beaut Baby,Beauty,418.75,222.63,247,Kerr-Harrison,3/1/2022
119,Electronic How,Electronics,353.8,173.11,303,"Mcintosh, Lewis and Owens",8/25/2021
120,Home & Kitche Answer,Home & Kitchen,317.76,221.27,880,Simpson and Sons,12/10/2021
121,Beaut Down,Beauty,63.36,42.05,182,"Lester, Sanchez and Dean",1/2/2024
122,Home & Kitche World,Home & Kitchen,40.74,18.05,43,Lawrence-Brown,5/16/2022
123,Healt Matter,Health,43.41,28.87,164,Reed LLC,10/9/2023
124,Clothin Upon,Clothing,135.18,41.91,167,"Jensen, Miller and Russell",1/26/2024
125,Automotiv Blood,Automotive,25.91,11.43,230,Ford PLC,6/21/2023
126,Beaut Step,Beauty,94.03,53.51,773,Smith and Sons,10/25/2023
127,Grocer No,Grocery,259.34,115.52,831,"Miller, Kim and Moore",5/27/2024
128,Home & Kitche Prevent,Home & Kitchen,367.45,175.32,546,"Campbell, Phillips and Foley",4/4/2023
129,Beaut Grow,Beauty,269.62,118.9,12,Davidson-Brown,3/1/2021
130,Toy Herself,Toys,108.28,61.06,466,Ayala PLC,12/29/2020
131,Beaut Sign,Beauty,414.99,238.31,297,"Grant, Brown and Khan",2/27/2022
132,Beaut Culture,Beauty,309.24,145.37,736,Dennis Inc,8/15/2024
133,Automotiv Either,Automotive,88.43,28.63,142,"Jones, Johnston and Jones",8/1/2020
134,Home & Kitche Adult,Home & Kitchen,18.2,11.29,626,Dyer-Gonzales,1/30/2023
135,Sport By,Sports,433.86,213.59,468,Forbes-Miller,11/28/2023
136,Electronic Hotel,Electronics,168.54,111.86,527,Craig Inc,9/15/2024
137,Automotiv Detail,Automotive,169.69,106.57,893,Griffin-Fitzpatrick,1/30/2025
138,Beaut Toward,Beauty,238.17,135.23,976,"Gross, Brown and Mcconnell",5/19/2025
139,Toy Clearly,Toys,86.77,37.46,461,Lawrence Inc,12/7/2020
140,Sport Deal,Sports,411.88,226,763,"Young, Dixon and Schultz",9/23/2022
141,Healt Which,Health,183.58,119.83,816,Barron-Mckinney,7/8/2023
142,Automotiv Nation,Automotive,245.25,132.41,141,"Nelson, Rojas and Phelps",4/26/2022
143,Book Language,Books,46.92,14.98,775,"Williams, Hughes and Roach",11/4/2024
144,Healt Keep,Health,358.8,123.6,731,Tucker-Cook,11/3/2024
145,Grocer Total,Grocery,273.9,104.7,294,Schmidt-Hughes,4/9/2023
146,Clothin Power,Clothing,322.29,206.92,446,Smith LLC,1/28/2021
147,Automotiv Mouth,Automotive,397.43,120.23,85,Green-Stein,6/3/2023
148,Healt Operation,Health,227.41,92.5,103,Carrillo-Rodriguez,10/2/2024
149,Grocer Grow,Grocery,346.34,159.27,490,Smith-Montgomery,7/30/2021
150,Book Say,Books,424.42,227.99,675,Atkins-Parker,4/18/2022
151,Beaut Dog,Beauty,52.54,35.37,76,"Hansen, Thompson and Davis",11/18/2022
152,Grocer Human,Grocery,213.35,129.82,909,Shea LLC,5/13/2024
153,Beaut Much,Beauty,426.5,144.56,68,Walker-Jenkins,4/30/2021
154,Healt Buy,Health,401.26,237.21,722,"Mcgrath, Frederick and Acosta",12/10/2021
155,Healt Mission,Health,187.54,119.44,145,Sawyer Ltd,2/14/2024
156,Electronic On,Electronics,128.52,73.09,419,Gonzales LLC,7/22/2023
157,Grocer Western,Grocery,201.13,136.21,489,Love Ltd,1/16/2021
158,Home & Kitche More,Home & Kitchen,14.27,7.95,706,Hall-Black,11/5/2024
159,Toy Among,Toys,61.26,19.74,138,"Mitchell, Reynolds and Hall",11/3/2024
160,Beaut Different,Beauty,425.61,259.86,628,"Murphy, Hodge and Beard",8/27/2021
161,Clothin Miss,Clothing,259.41,147.96,905,"Spears, Simpson and Campbell",11/14/2023
162,Toy Name,Toys,457.6,295.01,931,Wilkins-Scott,3/12/2024
163,Sport Push,Sports,315.69,99.7,373,Wood-Blake,9/1/2023
164,Beaut Should,Beauty,200.09,102.69,167,"Castaneda, Simmons and Price",9/9/2022
165,Book Raise,Books,483.68,205.57,159,Davis-Wright,1/22/2023
166,Healt Door,Health,136.47,67.51,818,"Dillon, Potter and Williamson",5/29/2023
167,Home & Kitche Type,Home & Kitchen,157.55,94.19,88,"Monroe, Roberts and Santana",11/1/2024
168,Electronic Brother,Electronics,387.11,134.8,508,Duncan-Lucas,11/17/2020
169,Beaut Travel,Beauty,100.26,65.68,954,Bradshaw PLC,11/19/2023
170,Beaut Often,Beauty,190.35,91.66,937,"Martin, White and Durham",10/3/2022
171,Sport Party,Sports,470.14,317.04,868,"Perez, Miller and Gallegos",5/20/2022
172,Toy Address,Toys,494.55,259.34,439,Medina and Sons,3/28/2025
173,Toy Probably,Toys,156.66,74.41,535,Bryant Inc,7/23/2024
174,Electronic Figure,Electronics,183.92,86.13,550,Martin LLC,11/11/2020
175,Clothin Across,Clothing,166.03,83.3,212,Roberts PLC,6/7/2024
176,Beaut Sort,Beauty,417.56,208.87,309,"Meyer, Thomas and Hunter",8/10/2022
177,Beaut Plan,Beauty,313.73,202.33,137,Jackson Group,10/14/2023
178,Toy Thing,Toys,202.05,139.88,236,"Zimmerman, Ramirez and Reyes",8/7/2023
179,Healt Heavy,Health,419.75,200.17,591,Smith-Trevino,1/11/2025
180,Toy These,Toys,379.94,265.29,811,"Harrison, Young and Burke",10/23/2023
181,Beaut Close,Beauty,82.34,31.23,919,Kelley-Freeman,3/8/2022
182,Home & Kitche Majority,Home & Kitchen,72.93,27.35,705,Williams and Sons,11/10/2023
183,Sport Senior,Sports,402.29,155.67,579,Jones PLC,12/2/2021
184,Electronic Have,Electronics,420.72,165.54,774,"Smith, Morris and Schneider",12/13/2022
185,Book Paper,Books,156.06,78,797,Shaffer-Johnson,6/30/2022
186,Sport Along,Sports,499,342.15,700,"Davidson, Black and Harris",6/17/2021
187,Healt Other,Health,225.43,78.81,14,Chavez PLC,10/6/2020
188,Clothin Ball,Clothing,16.28,9.57,292,"Mcdaniel, Benson and Hill",3/20/2021
189,Automotiv Any,Automotive,120.11,65.6,544,Spencer Inc,4/9/2021
190,Automotiv Training,Automotive,289.07,162.59,855,"Bennett, Berry and Lyons",12/8/2024
191,Toy Prevent,Toys,35.28,11.75,349,Campbell-Ortiz,7/1/2021
192,Clothin Money,Clothing,201.25,124.76,194,Wheeler Ltd,6/2/2023
193,Healt Film,Health,165.9,65.91,557,"Johnston, Brown and Vaughn",1/4/2025
194,Home & Kitche Cell,Home & Kitchen,21.97,13.49,722,"Williams, Young and Robinson",5/3/2025
195,Home & Kitche Room,Home & Kitchen,289.49,130.6,62,Frederick Group,6/11/2023
196,Book Inside,Books,158.4,60.08,703,Miller-Hooper,4/22/2025
197,Electronic System,Electronics,445.66,305.85,873,Cross LLC,9/18/2021
198,Automotiv Sit,Automotive,125.11,43.04,561,"Stephens, Dunn and Church",8/14/2022
199,Clothin Start,Clothing,410.82,141.5,227,"Lucero, Harris and Martin",6/21/2022
200,Electronic Never,Electronics,169.07,65.49,572,Nunez-King,6/25/2021
201,Home & Kitche Degree,Home & Kitchen,61.27,20.88,273,Sandoval-Ross,1/21/2024
202,Book Whom,Books,180.19,69.72,74,Lin-Lamb,6/25/2024
203,Toy Yard,Toys,161.04,105.13,878,Williams-Reilly,10/16/2022
204,Electronic Government,Electronics,269.74,103.81,821,Hernandez and Sons,12/6/2021
205,Healt Value,Health,17.25,7.78,960,"Perkins, Lee and Berger",12/28/2022
206,Sport Could,Sports,360.02,214.4,115,Maynard LLC,12/12/2024
207,Automotiv Western,Automotive,482.76,287.47,986,Stafford-Quinn,8/20/2020
208,Home & Kitche I,Home & Kitchen,176.32,113.24,833,"Schmitt, King and Schaefer",9/20/2020
209,Healt Go,Health,394.44,243.44,59,"Gillespie, Diaz and Haley",5/12/2024
210,Toy Professor,Toys,77.62,54,645,Peterson PLC,1/26/2023
211,Toy Condition,Toys,377.18,246.69,240,Rodriguez-Petersen,4/20/2025
212,Electronic Change,Electronics,267.93,113.2,277,Kelley-Cooper,4/16/2022
213,Electronic Wind,Electronics,313.32,183.16,34,Williams Ltd,1/26/2022
214,Electronic Base,Electronics,416.02,174.11,780,"Wyatt, Mitchell and Tyler",3/30/2024
215,Book Hospital,Books,141.6,63.78,522,"White, Stephens and Wu",9/5/2020
216,Home & Kitche Unit,Home & Kitchen,255.85,78,343,"Evans, Harrington and Walker",1/19/2024
217,Healt Sound,Health,277.14,114.42,763,"Conner, Ewing and Cooley",7/2/2023
218,Home & Kitche Air,Home & Kitchen,283.66,165.38,80,Richardson-Patrick,8/14/2020
219,Clothin Pick,Clothing,394.23,142.02,506,Williams Inc,8/5/2020
220,Electronic Writer,Electronics,355.9,201.41,348,Miller-Thomas,12/25/2024
221,Sport Education,Sports,306.91,98.82,741,Bauer PLC,6/25/2023
222,Book Allow,Books,99.06,48.17,978,Arellano and Sons,2/26/2025
223,Healt Last,Health,6.45,3.18,966,"Gonzalez, Rodriguez and Osborne",6/7/2025
224,Sport Security,Sports,134.28,71.08,473,"Grant, Strickland and Johnson",9/8/2024
225,Grocer Only,Grocery,229.01,145.14,429,White-Baker,10/14/2022
226,Electronic Anything,Electronics,163.89,64.35,345,"Martin, Morris and Williams",11/2/2023
227,Beaut Answer,Beauty,20.84,11.18,124,"Villa, Peterson and Green",7/30/2024
228,Grocer Civil,Grocery,58.44,23.59,616,"Hernandez, Arnold and Norris",10/19/2022
229,Book Court,Books,83.3,44.97,848,Henry PLC,7/9/2024
230,Toy Such,Toys,171.93,54.24,35,"Miller, Lewis and Harris",5/23/2022
231,Beaut Serious,Beauty,56.37,23.81,39,Gonzalez-Valentine,9/9/2020
232,Automotiv Research,Automotive,400.12,271.79,833,Anderson-Frey,11/22/2024
233,Home & Kitche Positive,Home & Kitchen,415.7,199.75,153,Diaz-Miller,2/3/2025
234,Electronic My,Electronics,188.46,101.33,481,"Brown, Sparks and Wong",1/22/2023
235,Healt Voice,Health,479.28,236.22,497,Schneider-Simmons,10/30/2021
236,Healt Future,Health,449.59,138.45,966,Lin-Wise,8/6/2023
237,Healt Argue,Health,314.14,175.72,479,"Ramirez, Moore and Brewer",9/22/2020
238,Clothin Might,Clothing,370.65,222.69,123,"Hull, Stevens and Wells",10/12/2021
239,Home & Kitche Position,Home & Kitchen,28.77,14.34,165,"Allen, Edwards and Hurst",5/24/2023
240,Beaut Position,Beauty,16.19,7.92,131,Taylor and Sons,12/9/2023
241,Book Article,Books,297.68,135.67,816,Gomez PLC,2/8/2021
242,Electronic Kitchen,Electronics,220.53,149.93,226,Graves-Kirby,3/14/2021
243,Sport Soon,Sports,123.05,82.37,522,Harrington-Goodman,2/18/2021
244,Grocer Return,Grocery,210.71,108.01,429,"White, Stafford and Russell",7/3/2020
245,Grocer Main,Grocery,101.13,44.37,601,"Perez, Reed and Baldwin",2/2/2023
246,Toy Finish,Toys,52.87,26.14,388,Palmer Ltd,6/9/2025
247,Grocer Out,Grocery,138.55,84.17,141,"Jones, Brady and Gray",5/1/2023
248,Healt Meet,Health,477.86,283.01,622,Rodgers Ltd,3/10/2023
249,Healt Represent,Health,294.78,175.78,967,Reed-Chavez,11/7/2023
250,Clothin Top,Clothing,214.12,106.95,783,"Murphy, Russell and Blair",10/25/2022
251,Beaut Eye,Beauty,395.51,157.17,663,"Meza, Taylor and Gordon",11/2/2023
252,Electronic Evidence,Electronics,63.36,31.98,405,Rocha Ltd,3/11/2024
253,Home & Kitche Bed,Home & Kitchen,274.42,171.43,415,Smith PLC,12/23/2024
254,Clothin Kitchen,Clothing,144.05,92.69,52,Jones and Sons,4/30/2021
255,Electronic Structure,Electronics,249.07,126.63,305,"Reyes, Smith and Ellis",3/9/2025
256,Beaut Ago,Beauty,190.24,120.51,344,"Martin, Rose and Stewart",2/26/2022
257,Grocer Increase,Grocery,493.46,292.02,496,Carter LLC,10/27/2024
258,Healt Difference,Health,264.36,173.55,433,Williams and Sons,6/9/2023
259,Sport Catch,Sports,127.48,69.68,74,Price Inc,8/24/2021
260,Book Ago,Books,171.1,76.84,390,Medina PLC,4/14/2021
261,Healt Customer,Health,186.79,66.14,296,"Davies, Smith and Ward",12/9/2021
262,Beaut Worry,Beauty,221.39,149.48,516,Haney LLC,4/16/2024
263,Beaut Energy,Beauty,346.51,177.38,209,"Smith, Lane and Hudson",8/30/2024
264,Book Teacher,Books,120.82,78.83,570,Patel-Werner,4/20/2021
265,Healt Toward,Health,462.96,303.25,299,Cox-Smith,10/7/2020
266,Home & Kitche Edge,Home & Kitchen,456.76,275.44,507,"Huffman, Lewis and Estrada",9/4/2022
267,Sport Responsibility,Sports,280.47,139.34,998,"Rodriguez, Leon and Curtis",12/8/2024
268,Healt Condition,Health,22.12,9.93,33,Wilson PLC,10/27/2021
269,Clothin Generation,Clothing,88.34,30.85,292,Williams-Terry,5/22/2021
270,Toy Agreement,Toys,490.94,294.55,253,"Moyer, Jones and Daugherty",8/14/2023
271,Sport Report,Sports,129.36,50.86,486,"Price, Mccoy and Shaw",11/16/2020
272,Beaut Him,Beauty,131.33,42.56,762,"Simpson, Simmons and Villegas",5/13/2025
273,Grocer Continue,Grocery,451.66,302.14,327,Lawrence-Parker,10/5/2022
274,Electronic Art,Electronics,310.8,122.92,225,Rodriguez-Jones,1/10/2024
275,Automotiv Office,Automotive,22.03,15.22,553,Nicholson-Sanders,6/24/2023
276,Toy Image,Toys,73.29,49.83,123,Kelly LLC,4/5/2025
277,Healt Media,Health,98.78,31.09,631,"Gibson, Beard and Duarte",10/12/2023
278,Electronic Rather,Electronics,393.18,230.17,945,"Barber, Thomas and James",6/4/2022
279,Clothin Official,Clothing,305.7,118.63,330,Bailey-Hernandez,12/13/2021
280,Book Second,Books,76.9,28.78,610,Mitchell-Peterson,6/7/2025
281,Healt Decision,Health,442.45,305.52,855,"Lambert, Chavez and Lopez",7/5/2024
282,Automotiv Color,Automotive,455.34,232.06,509,Thomas Ltd,5/14/2021
283,Sport Reflect,Sports,118.62,66.63,859,Smith-Nguyen,12/26/2023
284,Toy Sing,Toys,348.95,173.11,780,Mccormick LLC,7/17/2024
285,Clothin Case,Clothing,144.74,47.05,534,Thompson-Salazar,5/18/2021
286,Electronic Evidence,Electronics,37.45,15.06,438,"Lopez, Brown and May",10/27/2023
287,Beaut Glass,Beauty,195.57,121.6,369,Beck-Fisher,10/14/2022
288,Electronic Activity,Electronics,259.44,113.7,314,Delgado-Smith,7/28/2022
289,Automotiv Despite,Automotive,419.27,235.23,531,Hamilton-Maxwell,11/10/2021
290,Electronic Fish,Electronics,301.1,112.13,273,"Wilson, Cruz and Williams",1/18/2022
291,Clothin Work,Clothing,210.1,140.58,443,"Foster, Smith and Simmons",4/11/2023
292,Book Put,Books,329.67,170.76,133,"Ferguson, Torres and Olson",7/17/2024
293,Sport Few,Sports,491.02,260.15,663,Harris-Yu,4/13/2022
294,Healt Body,Health,372.65,155.09,671,"Hebert, Miller and Lynch",11/6/2023
295,Beaut Might,Beauty,118.53,75.55,521,Peterson-Hernandez,3/6/2024
296,Automotiv Store,Automotive,267.36,92.9,504,Martin LLC,5/17/2025
297,Book Public,Books,146.32,55.55,713,"Rivers, Schmidt and Williams",9/16/2024
298,Grocer Together,Grocery,226.39,124.16,892,Simpson Ltd,5/14/2022
299,Beaut Box,Beauty,93.18,49.57,658,Cunningham Inc,12/14/2020
300,Beaut Crime,Beauty,444.94,297.11,944,Carter-Jones,5/20/2024
301,Book Brother,Books,373.41,173.63,989,"Graham, Martin and Baker",11/1/2020
302,Grocer Create,Grocery,93.58,45.75,799,Jones-Shannon,12/7/2024
303,Beaut Great,Beauty,18.26,5.55,179,Porter-Kelly,3/10/2021
304,Grocer Son,Grocery,236.57,128.7,95,Mcclain-Warren,12/11/2020
305,Toy Song,Toys,60.62,19.52,294,Leonard-Cook,5/18/2023
306,Home & Kitche Mean,Home & Kitchen,223.83,139.14,506,"Miller, Ramirez and Quinn",12/25/2024
307,Grocer Clearly,Grocery,437.48,161.92,433,"Campbell, Lawson and Johnson",3/1/2022
308,Sport Wide,Sports,404.27,208.46,939,Pace PLC,8/7/2022
309,Book Difficult,Books,115.17,48.55,108,Herrera PLC,9/9/2022
310,Healt Own,Health,152.72,89.27,545,Knox LLC,1/14/2024
311,Beaut Hear,Beauty,315.26,150.41,559,"Carroll, Lyons and Walker",10/24/2021
312,Home & Kitche Contain,Home & Kitchen,37.8,13.14,385,"Simpson, Garcia and Thompson",6/23/2022
313,Home & Kitche Quite,Home & Kitchen,30.09,19.65,961,"Smith, Jones and Mcgee",4/5/2022
314,Beaut So,Beauty,8.13,3.78,874,Davidson LLC,6/1/2024
315,Home & Kitche Eat,Home & Kitchen,381.79,203.92,782,Ochoa-Kirby,7/25/2022
316,Beaut Ahead,Beauty,361.31,143.69,287,Woods-Robbins,2/12/2021
317,Electronic Network,Electronics,280.52,133.11,270,Soto-Riddle,8/6/2021
318,Automotiv For,Automotive,278.32,115.47,708,Jordan Ltd,8/12/2020
319,Healt Owner,Health,60.92,34.21,296,Williams PLC,1/24/2021
320,Grocer Cultural,Grocery,73.18,47.14,114,Patel-Rodriguez,7/25/2024
321,Grocer Go,Grocery,186.65,66.79,799,"Dougherty, Graham and Singh",11/24/2020
322,Home & Kitche Foot,Home & Kitchen,90.97,52.54,111,"Mcmillan, Flores and Williams",3/30/2023
323,Electronic Old,Electronics,361.07,140.09,432,Adams Ltd,4/26/2021
324,Beaut Save,Beauty,339.58,190.13,49,Fisher-Robertson,12/26/2023
325,Home & Kitche Spend,Home & Kitchen,185.39,100.58,682,"Wright, Barber and Cobb",8/1/2024
326,Grocer Book,Grocery,320.4,159.59,373,Swanson Ltd,11/2/2021
327,Electronic Common,Electronics,453.37,298.27,385,Bradley PLC,5/12/2024
328,Sport Necessary,Sports,257.98,97.78,183,Singleton Inc,5/6/2025
329,Home & Kitche Enjoy,Home & Kitchen,175.44,82.32,862,Ponce and Sons,5/4/2024
330,Clothin Answer,Clothing,293.58,154.66,767,Coffey Group,4/6/2023
331,Home & Kitche Place,Home & Kitchen,342.72,114.14,210,"Odom, Castro and Hicks",5/31/2023
332,Sport Citizen,Sports,128.1,58.78,322,"Mejia, Hernandez and Hernandez",6/21/2022
333,Home & Kitche Strong,Home & Kitchen,114.17,34.46,942,Williams-Greer,8/27/2024
334,Beaut Memory,Beauty,461.04,274.7,90,Kent LLC,8/20/2024
335,Beaut Foot,Beauty,314.66,164.85,160,Lee-Mayer,7/24/2023
336,Healt North,Health,146.97,73.55,933,Benitez-Rios,5/25/2023
337,Clothin By,Clothing,68.61,43.62,999,"Santana, Myers and Watson",3/1/2021
338,Home & Kitche Allow,Home & Kitchen,239.82,148.22,883,Perez Inc,12/4/2022
339,Toy Together,Toys,499.22,277.49,183,Williams Inc,7/25/2020
340,Electronic Increase,Electronics,479.43,242.33,590,Brandt Inc,1/31/2023
341,Toy Artist,Toys,176.28,72.77,722,Ray Group,11/17/2024
342,Healt Network,Health,476.85,318.79,120,"Rodriguez, Carter and Green",12/26/2024
343,Beaut Operation,Beauty,325.83,190.94,766,Green Group,7/18/2021
344,Sport Republican,Sports,75.41,35.25,151,Davenport and Sons,7/12/2021
345,Automotiv Produce,Automotive,109.41,44.17,482,"Beck, Esparza and Cole",3/26/2021
346,Toy Mr,Toys,419.83,165.05,733,"Carroll, Mcknight and Acosta",12/4/2021
347,Clothin By,Clothing,18.33,5.81,704,Torres PLC,4/30/2025
348,Book White,Books,389.6,163.95,794,Rodriguez Ltd,9/10/2020
349,Sport Because,Sports,448.87,289.37,184,Chambers-Brown,6/15/2024
350,Sport Provide,Sports,442.75,229.71,503,Gordon-Smith,7/28/2022
351,Home & Kitche Company,Home & Kitchen,11.19,5.76,800,"Thomas, Hansen and Howell",10/7/2020
352,Clothin Call,Clothing,424.49,156.17,15,Waller and Sons,10/22/2022
353,Book Those,Books,101.13,41.34,454,Gibbs-Mcgee,5/20/2024
354,Healt Into,Health,287.28,176.84,856,"Cook, Huynh and Patrick",10/16/2024
355,Healt Parent,Health,459.1,247.53,356,"Rogers, Roth and Garner",11/23/2020
356,Clothin Baby,Clothing,326.32,198.83,725,Ortega-Olson,3/24/2022
357,Clothin Market,Clothing,89.31,48.88,996,White Group,10/16/2023
358,Toy Industry,Toys,38.21,15.13,719,Atkins Ltd,4/7/2022
359,Book Watch,Books,78.88,33.2,708,Weeks-Kirk,12/24/2020
360,Toy Technology,Toys,383.74,118.01,28,"Murray, Davis and Russo",1/24/2021
361,Beaut Respond,Beauty,212.42,147.02,826,Alvarez-Williams,4/27/2022
362,Book Day,Books,298.93,180.49,159,Welch PLC,12/11/2021
363,Home & Kitche Performance,Home & Kitchen,134.67,65.68,240,"Roberts, Thompson and Kim",11/21/2020
364,Healt Finally,Health,124.88,41.39,842,"Anderson, Evans and Hall",7/13/2020
365,Sport Author,Sports,437.64,219.89,650,Hartman and Sons,7/29/2023
366,Toy Be,Toys,221.91,131.27,443,"Molina, Berry and Williams",7/25/2021
367,Clothin Pay,Clothing,429.1,225.85,781,Jackson-Bray,8/14/2024
368,Healt Card,Health,179.13,82.03,633,Abbott and Sons,2/21/2025
369,Toy Since,Toys,469.54,272.68,759,Porter-Nunez,2/2/2023
370,Sport Change,Sports,366.53,250.67,214,Anthony-Crane,8/29/2024
371,Clothin Course,Clothing,479.58,293.69,465,Lozano-Smith,7/4/2024
372,Toy Accept,Toys,70.93,27.3,614,"Harris, Garcia and Logan",9/19/2024
373,Automotiv Simple,Automotive,59.85,39.34,99,Davis-Johnson,8/16/2021
374,Beaut Their,Beauty,456.08,259.7,739,"Patterson, Russell and Perez",6/25/2024
375,Clothin Relate,Clothing,280.49,174.83,343,Pittman-Baldwin,9/27/2024
376,Toy Analysis,Toys,188.27,62.63,722,Harris Ltd,4/30/2024
377,Automotiv Who,Automotive,174.39,85.49,784,Bartlett LLC,10/3/2022
378,Healt Recently,Health,126.76,68.19,738,Bell-Berg,11/1/2022
379,Healt Speech,Health,267.26,122.83,683,Armstrong and Sons,5/16/2023
380,Beaut Economic,Beauty,127.32,39.71,207,Bell-Rowe,8/27/2024
381,Healt Assume,Health,212.81,121.59,292,Miller-Stanley,9/13/2023
382,Grocer Staff,Grocery,266.61,152.86,670,Hardy Inc,11/5/2021
383,Automotiv Despite,Automotive,137.36,72.47,328,Reed-Davis,3/6/2021
384,Sport Film,Sports,47.19,28.13,227,"Robertson, Patterson and Bush",3/21/2022
385,Beaut And,Beauty,138.7,54.43,171,Anderson-Elliott,4/17/2024
386,Toy Cup,Toys,134.93,61.33,794,Pope and Sons,11/16/2023
387,Grocer Special,Grocery,321.13,154.33,785,"Chen, Duncan and Lamb",6/23/2021
388,Grocer Item,Grocery,451.63,240.25,397,Hernandez Ltd,10/31/2020
389,Book Develop,Books,490.76,253.02,432,Patterson-Carpenter,5/15/2022
390,Clothin Necessary,Clothing,226.58,72.75,56,Oconnor Ltd,12/5/2024
391,Beaut Involve,Beauty,79.75,46.76,779,Richardson LLC,7/12/2020
392,Book Market,Books,327.87,109.33,64,Wells PLC,7/4/2021
393,Healt Adult,Health,458.43,295.51,966,"Griffin, Morales and Mckinney",7/17/2022
394,Home & Kitche Build,Home & Kitchen,176.03,86.99,951,Kelley Inc,12/30/2020
395,Toy Amount,Toys,389.54,208.83,552,"Monroe, Crane and Clark",11/6/2022
396,Beaut And,Beauty,421.18,224.28,351,Allen-Freeman,3/18/2022
397,Automotiv Shake,Automotive,264.46,182.79,153,Mejia-Carlson,5/13/2022
398,Home & Kitche Majority,Home & Kitchen,32.83,22.37,727,Patterson-Thompson,11/17/2023
399,Sport Free,Sports,454.47,191.55,851,Johnson Group,11/4/2021
400,Book Make,Books,330.62,154.79,234,Lowe LLC,7/25/2024
401,Book Product,Books,15.25,8.9,615,Rodgers Ltd,10/3/2024
402,Healt Picture,Health,242.13,155.05,413,"Callahan, Navarro and Morton",11/7/2024
403,Grocer Order,Grocery,202,125.9,137,Francis Inc,7/13/2021
404,Toy Partner,Toys,255.32,114.49,41,Murphy Inc,7/17/2023
405,Automotiv Different,Automotive,119.83,56.29,372,Miller and Sons,1/14/2023
406,Home & Kitche Product,Home & Kitchen,263.97,121.63,406,"Walter, Frank and Donovan",1/1/2022
407,Healt How,Health,498.13,237.13,281,Hall-Ramirez,8/22/2023
408,Automotiv Gun,Automotive,172.54,57.61,671,Morrison-Rivera,7/6/2023
409,Automotiv Long,Automotive,225.55,105.56,758,"Robbins, Davis and Johnson",12/2/2023
410,Book Likely,Books,204.02,96.96,959,Compton-Hood,3/10/2025
411,Book Traditional,Books,407.73,212.39,935,Brock LLC,8/27/2022
412,Toy Smile,Toys,205.73,98.9,933,"Hall, Allen and Brown",4/7/2023
413,Clothin Get,Clothing,229.56,137.23,633,"Smith, Jones and Davis",12/30/2024
414,Toy Sport,Toys,258.91,86.46,856,"Rubio, Mack and Manning",7/19/2023
415,Sport Series,Sports,138.55,53.44,391,"Hernandez, Graham and Reed",7/18/2024
416,Toy System,Toys,282.11,188.88,407,"Gibson, Reed and Walker",5/2/2023
417,Toy Street,Toys,295.87,189.72,259,"Montgomery, Boyd and Woodward",3/28/2022
418,Sport Song,Sports,358.19,130.81,526,"Vasquez, Estrada and Peterson",9/21/2021
419,Home & Kitche Serious,Home & Kitchen,131.24,73.97,563,Garcia-Walker,7/31/2021
420,Home & Kitche How,Home & Kitchen,299.68,110.91,836,Rodriguez Ltd,10/13/2023
421,Healt Up,Health,122.35,41.9,524,"Rhodes, Lee and Green",12/19/2020
422,Sport Gas,Sports,299.69,107.53,982,Bell LLC,2/27/2023
423,Clothin Young,Clothing,300.02,103.97,683,"Robinson, Anderson and Mcdaniel",3/22/2025
424,Sport Clearly,Sports,221.97,149.89,261,"Shelton, Lee and Ferrell",5/6/2021
425,Clothin Product,Clothing,426.21,259.26,342,Smith Ltd,5/28/2021
426,Clothin On,Clothing,189.06,103.14,884,Mcdowell-Dixon,7/31/2022
427,Book Method,Books,308.78,166.79,979,"Martinez, Lynch and Ingram",5/31/2023
428,Grocer Design,Grocery,420.37,229.2,607,Hall Inc,2/2/2021
429,Home & Kitche Stop,Home & Kitchen,481.87,273.26,372,Harrison-Holmes,4/3/2022
430,Clothin Budget,Clothing,233.68,129.24,505,Ballard Inc,3/26/2023
431,Book Somebody,Books,54.85,33.31,450,Mills and Sons,12/29/2020
432,Home & Kitche Soon,Home & Kitchen,66.03,44.59,519,Anderson-Hayes,1/2/2021
433,Toy Policy,Toys,323.08,198.81,183,"Martinez, Webb and Wright",9/12/2024
434,Clothin Owner,Clothing,461.82,261.08,857,Escobar-Conley,1/11/2024
435,Electronic Measure,Electronics,161.33,58.46,882,Jenkins-Lewis,11/21/2022
436,Beaut Avoid,Beauty,81.2,42.87,773,"Hamilton, Williams and Bradford",9/21/2022
437,Clothin Sort,Clothing,99.01,67.22,646,"Johnson, Weaver and Thomas",12/7/2022
438,Book Use,Books,250.26,174.14,724,"Vance, Hess and Ramirez",12/11/2020
439,Sport South,Sports,374.68,210.17,907,Henderson and Sons,10/29/2024
440,Automotiv Can,Automotive,292.55,165.49,491,Schneider PLC,9/30/2023
441,Book Social,Books,150.52,85.49,210,"Carter, Wilkerson and Miles",2/2/2022
442,Home & Kitche Brother,Home & Kitchen,218.95,108.92,394,Walker and Sons,8/12/2020
443,Book Total,Books,199.47,90.14,45,"Hale, Cervantes and Thomas",11/24/2020
444,Sport Fly,Sports,296.24,138.95,980,Conway-Byrd,2/26/2023
445,Clothin Message,Clothing,99.36,60.31,185,Thomas-Wilson,12/19/2020
446,Electronic Require,Electronics,306.98,159.86,534,Nelson-Tran,5/17/2022
447,Home & Kitche Himself,Home & Kitchen,171.2,103.13,437,Kim-Parsons,7/7/2023
448,Healt Situation,Health,465.24,207.27,976,Mayo Inc,8/4/2021
449,Healt Stage,Health,62.35,28.39,239,"Lynch, Jackson and Rivera",10/27/2020
450,Electronic Draw,Electronics,34.81,11.2,349,"Smith, Hull and Brown",5/10/2023
451,Electronic Hundred,Electronics,328.42,151.01,879,"Cook, Cobb and Huerta",12/14/2022
452,Electronic Account,Electronics,293.42,139.72,218,Burns and Sons,4/7/2023
453,Toy Parent,Toys,392.35,177.16,772,Collins and Sons,1/10/2022
454,Automotiv Man,Automotive,380.76,121.64,118,Gonzalez-Rogers,4/1/2024
455,Home & Kitche Example,Home & Kitchen,420.4,141.93,936,Thompson Inc,8/1/2024
456,Automotiv Heavy,Automotive,91.32,63.01,827,Barker Ltd,3/15/2022
457,Book During,Books,82.42,27.29,452,Chan-Elliott,7/9/2020
458,Grocer Who,Grocery,269.02,108.52,344,Chen-Mack,8/1/2023
459,Toy Improve,Toys,82.86,37.76,523,Kelley Group,10/20/2020
460,Healt Story,Health,147.34,68.72,311,Park Ltd,11/15/2023
461,Clothin Republican,Clothing,321.84,211.46,441,Snow-Kelley,9/7/2023
462,Beaut Describe,Beauty,489.03,196.69,256,Cole LLC,5/20/2025
463,Home & Kitche Continue,Home & Kitchen,381.7,244.1,911,Hatfield-Pena,4/19/2023
464,Electronic Service,Electronics,231.03,124.55,382,"Sweeney, Evans and Ortiz",7/31/2023
465,Healt Visit,Health,378.9,184,761,Carr PLC,4/18/2024
466,Grocer Writer,Grocery,449.51,191.95,378,Ochoa-Reilly,1/17/2022
467,Healt Nearly,Health,333.42,131.78,74,Cuevas Inc,4/24/2023
468,Healt Tonight,Health,162.3,112.61,258,Gibbs PLC,3/25/2023
469,Clothin Adult,Clothing,497.52,167.84,216,Jones-Jacobs,4/26/2023
470,Healt Hear,Health,421.4,183.28,446,Mcpherson-Manning,2/20/2024
471,Toy Enjoy,Toys,296.4,183,634,Pena-Parsons,12/23/2023
472,Home & Kitche Organization,Home & Kitchen,63.56,27.56,588,"Guerra, Cline and Holmes",5/27/2021
473,Sport Father,Sports,370.81,128.98,622,"Garcia, Rollins and Lee",3/8/2025
474,Home & Kitche Break,Home & Kitchen,337.38,153.88,599,Kim-Kelly,6/21/2021
475,Healt Himself,Health,241.55,87.74,413,Mcdonald-Thomas,12/11/2023
476,Automotiv Mean,Automotive,412.76,266.48,929,Bernard-Cooper,11/28/2023
477,Beaut Institution,Beauty,308.57,175.61,906,Howe Inc,9/28/2023
478,Home & Kitche Another,Home & Kitchen,27.38,15.86,697,Valenzuela-Deleon,3/21/2024
479,Grocer No,Grocery,434.98,181.9,160,Harris LLC,8/10/2021
480,Automotiv Deep,Automotive,392.72,145.1,840,"Schroeder, Dickson and Brooks",9/22/2021
481,Beaut Traditional,Beauty,265.26,91.76,954,Morris PLC,7/15/2020
482,Toy Rest,Toys,5.45,3.52,801,"Ross, Kirk and Mckinney",9/5/2020
483,Healt For,Health,484.06,233.02,988,Hayes-Burnett,6/5/2021
484,Electronic Street,Electronics,59.39,23.57,184,"Rodriguez, Sullivan and Smith",3/19/2022
485,Book Material,Books,272.55,136.54,551,"Garrett, Marquez and Miller",8/14/2020
486,Grocer Create,Grocery,147.05,79.59,768,Barrett Ltd,11/5/2023
487,Home & Kitche Religious,Home & Kitchen,20.98,12.63,615,"Castillo, Leon and Thomas",6/19/2020
488,Toy Third,Toys,46.34,22.42,766,"Gomez, Woods and Fuller",7/18/2020
489,Grocer Teach,Grocery,142.41,55.79,484,Ware and Sons,9/13/2021
490,Grocer Process,Grocery,336.21,216.08,109,Conrad Group,11/7/2020
491,Electronic Everybody,Electronics,175.12,118.84,204,Rogers and Sons,3/30/2024
492,Clothin Suffer,Clothing,470.58,265.23,335,"Peters, Harper and Hopkins",11/15/2023
493,Book Culture,Books,234.07,155.08,417,Valenzuela-Ortega,10/8/2022
494,Automotiv Piece,Automotive,437.5,195.82,638,"Baker, Williams and Suarez",2/14/2025
495,Electronic Research,Electronics,36.59,15.07,493,Parrish Inc,9/10/2020
496,Beaut Training,Beauty,177.25,84.68,262,Knight Ltd,12/25/2024
497,Automotiv Accept,Automotive,314.97,144.02,905,Cox-Williams,4/18/2024
498,Grocer Chance,Grocery,170,108.8,179,Bush-Green,7/11/2020
499,Healt So,Health,31.91,15.44,832,Miller and Sons,11/28/2022
500,Grocer Amount,Grocery,139.62,69.83,169,Vance Ltd,11/30/2022
501,Healt Middle,Health,162.57,102.46,287,Combs Group,4/20/2022
502,Clothin People,Clothing,213.49,70.03,724,"Arias, Green and Small",2/23/2025
503,Beaut Ball,Beauty,320.32,140.35,781,Taylor-Moon,8/26/2023
504,Grocer Television,Grocery,239.61,105.09,163,Macdonald LLC,5/4/2025
505,Healt Foot,Health,11.96,6.74,504,Sawyer-Martinez,8/9/2022
506,Healt Resource,Health,421.37,131,880,Leon Inc,9/11/2021
507,Clothin Cultural,Clothing,203.98,115.16,410,"Gomez, Macias and Underwood",3/17/2023
508,Automotiv Stop,Automotive,375.56,248.48,852,Robertson and Sons,4/25/2023
509,Beaut Bit,Beauty,379,115.01,525,Hall and Sons,12/5/2024
510,Book Room,Books,32.5,22.17,318,"Petersen, Woodard and Holt",6/8/2022
511,Home & Kitche Mission,Home & Kitchen,331.64,129.4,913,Thomas-Kent,5/4/2024
512,Automotiv Cause,Automotive,112.26,50.51,932,"Barker, Shah and Summers",2/6/2022
513,Book Hand,Books,46.28,29.34,126,Perry Ltd,8/30/2021
514,Beaut Girl,Beauty,391.27,135.98,137,"Lin, Allen and Rhodes",9/11/2020
515,Healt Commercial,Health,220.39,130.2,557,Ortiz Group,11/25/2024
516,Beaut Year,Beauty,146.76,88.88,938,French-Garcia,4/13/2024
517,Grocer Still,Grocery,202.38,132.43,805,Fleming LLC,11/30/2024
518,Book Serious,Books,155.37,52.36,46,Kim Inc,2/22/2024
519,Toy Drug,Toys,48.57,20.73,320,"Tate, Johnson and Maddox",10/12/2024
520,Automotiv Behavior,Automotive,398.59,186.7,684,Pennington LLC,11/3/2022
521,Sport Road,Sports,237.73,135.73,830,Maxwell Inc,6/1/2023
522,Healt Itself,Health,333.47,182.09,650,Juarez-Ferrell,8/24/2023
523,Grocer Foot,Grocery,195.34,111.29,96,Chavez-Perry,8/30/2022
524,Automotiv Thousand,Automotive,103,35.78,51,Aguirre-Schultz,3/7/2021
525,Grocer Cost,Grocery,322.77,127.95,774,Allison-Horn,4/23/2024
526,Clothin Eye,Clothing,211.99,80.33,211,Schultz Group,3/17/2024
527,Home & Kitche Act,Home & Kitchen,43.69,29.77,314,Obrien and Sons,9/9/2023
528,Grocer From,Grocery,83.72,53.8,797,Benton-Hall,2/22/2021
529,Electronic Mr,Electronics,461,268.77,680,Harper PLC,11/28/2020
530,Book Ever,Books,121.79,51.33,87,"Allen, Maxwell and Butler",8/26/2021
531,Automotiv Well,Automotive,291.31,124.64,201,Parker-Walker,5/29/2025
532,Healt Plant,Health,298.9,139.02,616,Peters and Sons,5/31/2025
533,Beaut Voice,Beauty,447.64,302.13,890,Gray Group,1/9/2021
534,Toy Me,Toys,375.22,245.36,316,Newman Inc,1/6/2021
535,Beaut Difficult,Beauty,157.88,95.82,610,Martinez PLC,10/8/2020
536,Sport Sound,Sports,398.46,240.87,293,Wilson Group,11/5/2022
537,Book Member,Books,387.09,187.66,328,Wilson Inc,12/9/2022
538,Clothin What,Clothing,350.6,224.62,82,Price Ltd,5/10/2023
539,Automotiv Case,Automotive,8.85,2.75,881,Thomas LLC,1/4/2025
540,Healt Million,Health,79.94,44.23,273,"Bradley, Gonzales and Smith",6/10/2021
541,Automotiv Fish,Automotive,230.57,111.55,920,"Hughes, Garcia and Francis",1/19/2024
542,Toy Would,Toys,173.1,86.8,621,"Woods, Sloan and Ramirez",2/5/2023
543,Grocer Which,Grocery,61.39,38.98,675,Bennett Ltd,9/8/2023
544,Automotiv What,Automotive,330.54,120.99,426,Gould-Taylor,10/9/2021
545,Book Radio,Books,441.01,263.89,270,"Morales, Moreno and Gonzalez",8/5/2022
546,Beaut Hear,Beauty,140.08,44.16,112,Sloan Inc,6/11/2022
547,Beaut School,Beauty,399.59,179.78,911,"Williams, Raymond and Koch",11/4/2024
548,Automotiv Anyone,Automotive,101.97,39.78,70,"Noble, Brown and Wilson",2/7/2024
549,Sport Sound,Sports,19.09,6.66,886,"Garcia, House and Blair",3/31/2024
550,Book Trade,Books,310.9,132.8,622,Williams LLC,9/28/2023
551,Grocer End,Grocery,161.65,71.72,382,"Smith, Smith and Hamilton",8/12/2022
552,Beaut Avoid,Beauty,470.83,290.59,636,Hayden-Davis,10/12/2023
553,Healt Future,Health,31.81,19.78,218,Brown-Patrick,12/4/2022
554,Clothin Reflect,Clothing,148.3,51.31,505,Price and Sons,11/10/2020
555,Beaut Matter,Beauty,454.88,273.16,934,Schaefer-Lee,5/3/2021
556,Home & Kitche Life,Home & Kitchen,447.52,262.16,709,Stephens Inc,1/3/2025
557,Book Turn,Books,426.87,287.11,491,Mcdaniel-Stevens,11/16/2024
558,Sport Community,Sports,404.9,253.29,817,"Armstrong, Hill and Kaufman",2/20/2024
559,Healt News,Health,93.69,45.91,84,"Mckee, Clarke and Mcbride",6/21/2023
560,Beaut Half,Beauty,197.32,63.17,908,Kramer Group,3/4/2022
561,Clothin Number,Clothing,17.25,11.2,617,Garcia-Mcdonald,1/16/2025
562,Electronic Against,Electronics,263.99,141.57,908,"Bautista, Smith and Sanders",9/22/2021
563,Home & Kitche Brother,Home & Kitchen,65.81,31.87,857,Atkins-Murphy,1/4/2023
564,Beaut Contain,Beauty,268.07,186.32,699,Martinez Ltd,10/17/2020
565,Grocer Teach,Grocery,303.68,179.66,978,Frey-Patterson,5/24/2024
566,Grocer Activity,Grocery,365.03,177.18,513,Moore-Wright,12/2/2021
567,Clothin Moment,Clothing,192.22,73.09,828,"Michael, Bell and Berry",12/31/2021
568,Book Environment,Books,353.86,160.39,635,"Alvarez, Bell and Mason",3/2/2021
569,Home & Kitche Third,Home & Kitchen,38.59,23.71,670,"Boyd, Ross and Larson",7/16/2024
570,Sport Development,Sports,464.17,294.12,567,Zamora Group,11/24/2024
571,Beaut Try,Beauty,348.61,157.72,235,Anderson LLC,10/8/2021
572,Book Along,Books,274.48,145.1,566,"Carrillo, James and Herrera",5/27/2024
573,Automotiv Everything,Automotive,105.98,38.32,448,Foster and Sons,8/5/2023
574,Grocer Forward,Grocery,423.44,188.77,361,Arnold Ltd,5/11/2025
575,Clothin Only,Clothing,256.68,87.2,724,"Trevino, Morris and Ruiz",5/22/2023
576,Electronic Hospital,Electronics,480.9,323.25,564,"Welch, Lee and Kennedy",9/6/2023
577,Healt They,Health,34.26,17.49,233,Hughes-Fisher,3/26/2023
578,Home & Kitche Remember,Home & Kitchen,282.98,197.76,846,"Dougherty, Rhodes and Barnes",8/9/2020
579,Toy Too,Toys,174.92,117.81,814,"Oneal, Spencer and Manning",7/18/2023
580,Home & Kitche Tough,Home & Kitchen,167.79,83.77,81,Hogan Inc,5/1/2022
581,Clothin Activity,Clothing,58.48,32.82,337,"Hart, Hernandez and Yoder",11/5/2021
582,Toy Music,Toys,182.74,117.14,771,Chaney-Tran,5/30/2022
583,Home & Kitche No,Home & Kitchen,362.47,247.78,445,Kennedy-Hancock,1/11/2022
584,Automotiv Follow,Automotive,449.85,188.88,708,"Greene, Hayes and Gonzales",8/23/2020
585,Healt Day,Health,320.35,157.13,559,Brown-Moore,3/29/2025
586,Healt Role,Health,60.39,30.47,208,"Warner, Spencer and Robinson",5/1/2022
587,Toy Realize,Toys,289.76,155.79,786,Watts LLC,3/2/2023
588,Home & Kitche Work,Home & Kitchen,67.19,22.42,702,Davis-Carroll,3/30/2021
589,Book Range,Books,239.3,92.89,402,"Lee, Watts and Smith",8/21/2024
590,Book Suggest,Books,417.34,244.13,670,Smith-Davis,6/25/2020
591,Healt Clear,Health,141.93,95.02,644,Friedman and Sons,1/17/2025
592,Beaut Design,Beauty,483.6,203.99,513,Johns and Sons,4/28/2023
593,Healt Heavy,Health,466.22,183.5,870,"Lopez, Brown and Reeves",10/3/2021
594,Toy Between,Toys,172.59,56.83,669,Cohen Inc,9/21/2024
595,Automotiv Only,Automotive,123.07,52.6,607,"Hernandez, Wallace and Guzman",12/5/2023
596,Home & Kitche Through,Home & Kitchen,363.89,145.01,416,"Gardner, Wilson and Yang",4/23/2023
597,Healt Blue,Health,296.92,168.97,781,Jones Group,6/12/2024
598,Automotiv Image,Automotive,169.58,87.9,175,Alvarez Inc,5/27/2023
599,Grocer Since,Grocery,79.46,43.98,162,Acosta LLC,2/12/2021
600,Book Term,Books,74.24,37.84,32,Harris PLC,4/20/2023
601,Electronic Executive,Electronics,362.46,130.57,951,Pace Ltd,2/3/2022
602,Sport Off,Sports,418.14,164.48,945,"Williamson, Nguyen and Bradshaw",7/7/2024
603,Healt Could,Health,477.6,320.57,27,Manning Group,7/15/2021
604,Clothin Into,Clothing,213.74,95.81,480,"Patrick, Medina and Fernandez",2/26/2024
605,Healt Hit,Health,357.69,117.35,700,Reed PLC,6/1/2025
606,Electronic Everyone,Electronics,424.41,233.61,326,"Johnson, Castaneda and Reid",9/5/2023
607,Clothin Recent,Clothing,27.53,8.51,608,Green Inc,1/16/2024
608,Automotiv Box,Automotive,71.16,22.31,986,"Jones, Hunt and Moreno",3/28/2022
609,Toy Note,Toys,98.55,63.83,309,Mcgee and Sons,10/2/2020
610,Healt Difference,Health,212.14,72.57,261,Walsh Inc,12/14/2021
611,Automotiv Test,Automotive,45.78,15.85,539,Luna-Fry,11/28/2020
612,Grocer Hundred,Grocery,488.67,187.24,774,Glass and Sons,3/27/2021
613,Grocer Event,Grocery,497.08,319.52,17,Martinez-Phillips,9/2/2021
614,Beaut Reason,Beauty,223.84,110.92,35,Rose-Castillo,12/12/2020
615,Toy Order,Toys,426.97,248.9,724,Mathis-Lewis,2/8/2025
616,Clothin Indeed,Clothing,443.55,304.65,520,Campbell PLC,1/11/2021
617,Healt See,Health,400.9,225.71,527,Gardner and Sons,3/11/2021
618,Grocer Price,Grocery,433.08,134.89,179,Mcclure-Armstrong,1/25/2022
619,Sport Production,Sports,81.99,36.96,217,Hudson Ltd,1/18/2023
620,Beaut City,Beauty,53.15,32.67,771,Lopez-Williams,8/1/2024
621,Sport Million,Sports,412.73,212.34,551,Lee Group,1/29/2024
622,Electronic Within,Electronics,27,8.19,547,"Payne, Davis and Rodriguez",10/19/2021
623,Beaut Half,Beauty,359.18,191.07,148,"White, Rice and Mcgee",10/15/2021
624,Sport Page,Sports,294.12,103.23,667,Burke-Moreno,7/23/2023
625,Clothin Oil,Clothing,358.42,108.16,690,Rodriguez and Sons,5/26/2021
626,Automotiv Training,Automotive,404.2,203.53,338,"Waller, Hatfield and Fuller",1/12/2022
627,Healt Medical,Health,319.64,200.46,261,Anderson-Hardin,4/14/2025
628,Grocer Someone,Grocery,205.23,114.53,921,"Harvey, Gonzales and Beck",8/12/2024
629,Grocer Thousand,Grocery,264.52,139.5,752,"Campbell, Sullivan and Holmes",7/9/2024
630,Book Fly,Books,30.24,13.69,888,"Holmes, Smith and Rose",8/18/2024
631,Clothin Specific,Clothing,162.69,79.63,907,Davis-Stephens,6/30/2020
632,Beaut General,Beauty,371.12,227.11,667,Hughes PLC,5/6/2022
633,Home & Kitche Worker,Home & Kitchen,59.95,27.34,934,"Osborne, Hernandez and Shelton",6/14/2022
634,Sport Such,Sports,417.38,157.9,729,Marshall-Best,11/20/2022
635,Clothin Likely,Clothing,334.12,173.53,872,Harris PLC,11/27/2020
636,Healt Include,Health,176.29,80.49,460,Hicks-Farrell,6/28/2024
637,Automotiv Professor,Automotive,76.8,27.28,540,Flores and Sons,8/14/2021
638,Automotiv Animal,Automotive,284.67,112.66,225,Stein-Taylor,8/30/2023
639,Sport Interest,Sports,443.25,152.94,446,"Hicks, Rivera and Carter",1/23/2021
640,Electronic Across,Electronics,38.36,26.15,217,Ford LLC,6/19/2024
641,Beaut Evidence,Beauty,279.35,174.47,307,"Baker, Ferrell and Harper",10/21/2022
642,Beaut Public,Beauty,171.78,72.8,205,"Camacho, White and Fitzgerald",10/18/2021
643,Book Mean,Books,456.62,190.89,374,Serrano-Williams,2/11/2021
644,Book Movement,Books,160.16,106.21,928,Shaw-Clark,7/10/2024
645,Grocer Rate,Grocery,249.8,160.39,795,"Davis, Duarte and Manning",5/9/2023
646,Beaut Few,Beauty,466.82,173.24,893,"Davis, Vaughn and Montoya",10/27/2020
647,Toy Able,Toys,97.2,65.4,85,Serrano-Graham,9/2/2022
648,Clothin Foreign,Clothing,316.65,145.14,297,"Martin, Mitchell and Pruitt",9/4/2020
649,Home & Kitche Station,Home & Kitchen,252.95,90.97,725,"Hall, Guerrero and Hughes",8/18/2020
650,Automotiv Early,Automotive,104.18,53.84,290,Ruiz and Sons,10/23/2021
651,Book Hotel,Books,48.21,33.36,800,"Sparks, Smith and Davis",6/21/2022
652,Electronic Talk,Electronics,111.9,73.81,662,Cobb-Gilbert,12/10/2023
653,Automotiv Easy,Automotive,246.91,149.54,328,"Berry, Watson and Obrien",1/1/2023
654,Automotiv History,Automotive,399.64,154.45,854,Leonard PLC,7/24/2024
655,Home & Kitche Account,Home & Kitchen,294.46,203.39,490,"Cameron, Hester and Murphy",4/5/2023
656,Home & Kitche Yard,Home & Kitchen,351.69,135.09,665,Shields-Olson,4/4/2025
657,Clothin Themselves,Clothing,327.57,172.68,463,Joseph Group,1/14/2024
658,Toy Seven,Toys,457.52,296.99,701,"Ritter, Santos and Wallace",4/30/2021
659,Home & Kitche Water,Home & Kitchen,225.82,132.44,296,Sullivan Group,5/8/2024
660,Book Experience,Books,432.79,213.72,506,"Richardson, Martinez and Davis",4/13/2025
661,Healt Whose,Health,107.47,50.2,979,Fritz-Lewis,7/7/2023
662,Grocer There,Grocery,246.38,163.2,396,"Wright, James and Trevino",7/1/2022
663,Clothin Growth,Clothing,463.57,147.16,533,"Bell, Carter and Kent",11/28/2022
664,Beaut Put,Beauty,201.37,128.69,956,Johnson Group,5/6/2022
665,Automotiv True,Automotive,282.65,146.52,567,Morris-Gregory,7/17/2023
666,Toy Tough,Toys,44.11,29.7,549,Green-Flores,5/3/2022
667,Clothin Certain,Clothing,37.76,14.12,525,Thomas-Campbell,7/27/2023
668,Clothin Only,Clothing,457.59,233.03,38,"Espinoza, Obrien and Vance",1/30/2021
669,Healt Research,Health,400,147.2,441,Blake Group,4/30/2022
670,Beaut Wife,Beauty,373.67,136.37,772,Bradley-Wallace,12/23/2023
671,Book Into,Books,490.85,297.62,231,Hunter Inc,11/28/2021
672,Beaut Yet,Beauty,328.58,215.18,511,Odonnell-Mason,4/14/2022
673,Beaut Throughout,Beauty,484.37,198.67,255,"Weber, Pace and Ramsey",1/20/2022
674,Electronic Ground,Electronics,367.32,200.29,843,Anderson Group,4/17/2021
675,Clothin For,Clothing,143.95,84.9,25,Day LLC,8/18/2021
676,Grocer Drop,Grocery,174.12,99.6,500,Munoz PLC,11/16/2020
677,Beaut Everything,Beauty,176.3,94.05,635,"Nichols, Griffith and Davenport",4/18/2022
678,Automotiv Air,Automotive,358.76,228.88,786,"Long, Martinez and Tanner",5/6/2022
679,Electronic Carry,Electronics,278.18,140.74,319,"Goodwin, Brown and Bolton",8/25/2021
680,Healt Hold,Health,28.47,9.65,403,Garcia-Dorsey,11/30/2024
681,Clothin Suffer,Clothing,475.91,279.86,679,Taylor PLC,12/3/2022
682,Toy Natural,Toys,59.86,20.24,425,"Owens, Waters and Johnson",9/14/2024
683,Beaut Away,Beauty,383.84,242.9,195,Wang and Sons,8/28/2022
684,Electronic Blood,Electronics,31.71,15.2,283,Jones-Rivers,8/28/2020
685,Clothin Total,Clothing,49.89,16.87,793,Braun Inc,1/17/2023
686,Sport Amount,Sports,55.33,16.99,677,Johnson and Sons,6/12/2022
687,Clothin Each,Clothing,168.81,85.06,440,Andrews Group,5/7/2025
688,Healt Always,Health,41.26,16.64,894,Logan PLC,5/14/2022
689,Healt Technology,Health,163.17,53.27,471,Friedman Ltd,3/17/2022
690,Toy Artist,Toys,431.64,291.44,555,Wang Group,7/30/2022
691,Clothin Wrong,Clothing,223.17,84.2,866,"Brown, Jacobson and Mills",4/25/2021
692,Clothin Force,Clothing,168.07,56.24,355,"Smith, Hoffman and Smith",11/3/2022
693,Home & Kitche Yet,Home & Kitchen,97.85,60.13,252,Nielsen and Sons,8/5/2021
694,Electronic Something,Electronics,118.4,52.57,230,"Tyler, Nguyen and Peterson",10/30/2022
695,Beaut Southern,Beauty,98.79,30.33,661,"Rivera, Smith and Wolfe",11/5/2024
696,Home & Kitche Eight,Home & Kitchen,127.76,72.65,731,Moreno Ltd,5/19/2025
697,Toy Mouth,Toys,367.69,230.01,201,Wilson-Lloyd,4/30/2025
698,Toy Education,Toys,155.42,54.09,184,Garza-Davis,6/12/2024
699,Sport Property,Sports,240.52,163.04,64,"Grant, Blackburn and Watkins",12/10/2022
700,Beaut Mr,Beauty,391.64,235.46,912,Nguyen and Sons,4/28/2023
701,Automotiv Information,Automotive,452.89,222.31,853,"Clark, Young and Schroeder",4/19/2021
702,Clothin Event,Clothing,23.85,15.75,88,Evans-Hodge,9/8/2021
703,Toy Final,Toys,169.25,103.97,819,Sweeney PLC,11/21/2022
704,Toy Dream,Toys,271.54,136.47,524,"Caldwell, Francis and Fuller",10/1/2024
705,Sport Today,Sports,45.72,25.23,752,Perez-Randolph,3/20/2021
706,Grocer Anyone,Grocery,391.87,201.19,857,Patel PLC,6/26/2023
707,Beaut Natural,Beauty,347.97,160.7,227,"Cooke, Martinez and Blackburn",10/6/2023
708,Home & Kitche Board,Home & Kitchen,291.35,97.36,194,"Stokes, Russell and Johnson",7/13/2023
709,Toy Wonder,Toys,346.7,130.68,990,"Jones, Moore and Love",12/5/2020
710,Sport Expert,Sports,468.81,180.88,529,"Davis, Dalton and Young",7/12/2020
711,Healt Do,Health,415.56,194.01,993,Gibson-Richard,9/18/2022
712,Home & Kitche Ask,Home & Kitchen,246.01,149.71,970,Wilkins Inc,8/18/2024
713,Sport Say,Sports,298.31,105.78,540,"Carroll, Baker and Smith",2/28/2025
714,Sport If,Sports,472.73,158.98,236,Fitzpatrick-Waters,1/19/2021
715,Home & Kitche Just,Home & Kitchen,404.94,155.14,167,Holmes LLC,6/14/2021
716,Grocer Another,Grocery,248.43,99.12,818,Hayes-Short,3/4/2022
717,Healt Place,Health,259.79,167.29,835,Page Inc,1/7/2024
718,Sport Read,Sports,274.99,162.24,165,"Adams, Mercado and Gardner",3/11/2021
719,Sport Own,Sports,220.04,94.2,724,Green Group,11/23/2024
720,Clothin Set,Clothing,307.58,210.19,651,"Herrera, Randall and Riggs",8/3/2022
721,Book On,Books,278.23,162.45,463,"Richardson, Livingston and Porter",8/21/2020
722,Sport Surface,Sports,457.83,144.85,775,Snyder-King,1/30/2023
723,Sport Sound,Sports,395.57,246.08,986,"Wilson, Stewart and King",6/25/2024
724,Grocer Buy,Grocery,77.96,41.35,823,"Giles, Owens and Smith",4/9/2024
725,Automotiv Order,Automotive,83.04,46.61,619,"Williams, Torres and Duffy",7/14/2023
726,Toy Commercial,Toys,475,215.04,213,Terry PLC,11/8/2021
727,Home & Kitche Age,Home & Kitchen,188.38,75.83,24,"Marshall, Roberts and Rodriguez",3/18/2023
728,Healt Wait,Health,60.63,19.6,535,"Young, Jones and Clay",8/4/2023
729,Electronic Effect,Electronics,154.33,87.98,916,Stafford-Ramsey,5/14/2025
730,Sport Cell,Sports,499.36,257.66,272,Rose LLC,12/22/2023
731,Electronic New,Electronics,237.68,146.2,825,Flynn Inc,7/9/2020
732,Electronic Short,Electronics,75.34,33.08,388,"Nguyen, Gutierrez and Kim",12/11/2023
733,Clothin Base,Clothing,241.19,80.94,887,Gonzalez-Garrett,9/30/2022
734,Grocer Plan,Grocery,87.2,27.83,290,Smith PLC,4/24/2025
735,Automotiv Occur,Automotive,252.15,89.96,363,Johnson Inc,10/20/2020
736,Sport Win,Sports,174.72,99.11,298,Middleton Ltd,4/28/2021
737,Sport Along,Sports,199.24,130.33,63,Lowery-Sexton,7/15/2023
738,Book Government,Books,423.32,265.55,846,"Rodriguez, Davis and Wilson",6/8/2023
739,Home & Kitche Ahead,Home & Kitchen,51.62,23.99,112,"West, Brady and Harding",4/26/2025
740,Toy Raise,Toys,315.21,195.65,730,Kelly-Huff,8/29/2021
741,Book Goal,Books,202.55,78.02,840,"Foster, Larsen and Hall",9/26/2020
742,Grocer Owner,Grocery,397.53,164.09,404,Haynes-Daniels,2/21/2021
743,Automotiv Tough,Automotive,398.52,199.92,922,Mason and Sons,1/25/2021
744,Book Meeting,Books,318.55,198.35,215,Nash-Nunez,7/30/2023
745,Automotiv College,Automotive,61.73,23.27,696,Cunningham Inc,10/20/2021
746,Automotiv Book,Automotive,259.55,94.58,890,Shelton-Vaughn,7/31/2023
747,Electronic National,Electronics,300.6,179.68,262,"Lowe, Mcdonald and Cole",3/17/2024
748,Beaut Provide,Beauty,330.03,229.55,691,Rosales-Lee,11/23/2022
749,Beaut Rest,Beauty,30.02,20.25,928,"Lowery, Holder and Frank",2/3/2023
750,Grocer Suddenly,Grocery,170.29,51.12,257,"Stuart, Mccoy and White",10/12/2024
751,Home & Kitche Cell,Home & Kitchen,490.62,214.37,347,Gilbert Ltd,7/6/2023
752,Healt Set,Health,390.61,147.45,156,Beck-Flores,10/31/2024
753,Healt Sell,Health,192.27,134.28,781,Scott LLC,10/6/2020
754,Electronic Question,Electronics,13.62,6.34,967,Flores-Young,2/22/2025
755,Sport Senior,Sports,277.57,167.51,814,Hardin-Collier,10/18/2020
756,Beaut Either,Beauty,155.19,59.22,210,Pearson and Sons,4/30/2023
757,Grocer Wife,Grocery,51.04,31.47,81,Wright Ltd,12/19/2022
758,Beaut Exactly,Beauty,233.96,132.07,644,"Davidson, Montoya and Kirk",11/2/2024
759,Sport Station,Sports,198.93,76.39,36,"Rodriguez, Rodgers and Rivas",10/4/2024
760,Toy Ago,Toys,156.96,109.31,362,Harrison-Thomas,9/19/2024
761,Healt Southern,Health,330.48,159.94,655,"Goodwin, Ortiz and Ortiz",5/29/2021
762,Book Sister,Books,459.13,167.77,984,"Winters, Nunez and Hogan",4/29/2022
763,Sport Fish,Sports,299.77,204.28,784,"Ellison, Hunter and Leblanc",3/28/2021
764,Book Once,Books,490.86,182.42,930,Chavez-Harrington,3/20/2024
765,Sport Arm,Sports,385.55,169.58,591,Tucker Ltd,6/24/2023
766,Clothin Argue,Clothing,152.54,92.46,674,Walters Group,4/6/2024
767,Automotiv Worker,Automotive,472.31,225.19,197,"Rodriguez, Todd and Martin",10/7/2021
768,Home & Kitche Feel,Home & Kitchen,491.71,287.2,680,"Day, Hall and Porter",12/25/2022
769,Clothin End,Clothing,148.16,51.55,558,Anderson Ltd,6/27/2024
770,Healt Event,Health,37.06,16.97,654,"Harmon, Henderson and Curtis",9/10/2020
771,Sport Meet,Sports,190.58,85.53,753,Hunter-Santos,4/24/2025
772,Electronic Create,Electronics,426.58,156.53,397,"Smith, Fowler and Bowman",4/5/2022
773,Clothin Impact,Clothing,302.36,195.59,277,Thompson Group,7/7/2022
774,Automotiv Certainly,Automotive,187.37,114.7,618,"Velazquez, Haynes and Jones",7/15/2021
775,Clothin Stay,Clothing,161.75,88.35,772,Hudson-Parker,4/15/2023
776,Grocer Heart,Grocery,46.27,26.63,235,Jensen-Smith,3/2/2021
777,Home & Kitche Miss,Home & Kitchen,325.96,119.67,298,"Sosa, Trujillo and Jones",8/1/2021
778,Clothin Never,Clothing,255.11,107.49,931,Salazar Ltd,3/10/2025
779,Home & Kitche Race,Home & Kitchen,21.64,8.65,206,Wilson-Long,12/30/2022
780,Home & Kitche Dog,Home & Kitchen,402.56,168.03,35,"Johnson, Boyd and Schaefer",12/29/2021
781,Healt You,Health,96.98,60.97,599,Dickerson Inc,9/9/2024
782,Sport Note,Sports,268.36,118.87,493,Rivera-Powers,1/23/2022
783,Grocer Activity,Grocery,24.47,13.32,398,"Velazquez, Watson and Mckee",10/30/2021
784,Clothin Bring,Clothing,21.44,9.06,576,Fletcher PLC,6/16/2024
785,Home & Kitche Your,Home & Kitchen,9.77,6.64,997,Chang Ltd,1/6/2024
786,Grocer Down,Grocery,211.55,94,31,Davidson Ltd,8/12/2024
787,Grocer Agree,Grocery,77.05,30.06,253,Morris-Hicks,8/24/2023
788,Sport Today,Sports,11.12,5.93,915,Adams PLC,9/4/2020
789,Healt Structure,Health,367.62,128.39,378,"Wilson, Hill and Delacruz",10/7/2023
790,Clothin House,Clothing,219.2,149.84,376,Perez and Sons,4/20/2022
791,Automotiv Try,Automotive,6.26,2.16,523,Leach and Sons,7/17/2023
792,Healt Across,Health,354.15,148.31,332,"Davis, King and Kane",5/30/2022
793,Toy Up,Toys,307.75,93.68,712,Gomez-Li,8/6/2020
794,Healt Story,Health,180.36,90,60,"Taylor, Sanchez and Melton",5/22/2022
795,Electronic Ball,Electronics,357.05,179.14,922,"Davis, Wheeler and Adkins",8/27/2023
796,Grocer Also,Grocery,92.36,59.07,821,"Moody, Black and Bowers",10/5/2021
797,Home & Kitche Benefit,Home & Kitchen,84.13,26.42,110,"Mcintosh, Chan and Brown",8/7/2021
798,Electronic Indicate,Electronics,50.84,18.27,88,"Sparks, Phillips and Long",8/5/2021
799,Healt Type,Health,441.3,236.93,932,Shah Inc,1/15/2023
800,Home & Kitche Turn,Home & Kitchen,270.42,174.18,218,Wells Group,12/4/2020
801,Clothin Physical,Clothing,225.43,95.62,783,Henderson-Green,7/17/2024
802,Grocer Audience,Grocery,20.44,11.09,776,"Colon, Grant and Murphy",1/3/2021
803,Sport Full,Sports,323.96,146.15,52,"Rogers, Rice and James",2/20/2024
804,Automotiv Society,Automotive,476.63,264.96,598,Washington-Cox,4/9/2025
805,Clothin Consumer,Clothing,204.95,114.43,533,"Ramirez, Collins and Barrett",11/18/2023
806,Beaut Benefit,Beauty,423.58,181.65,319,"Gonzalez, Moore and Alvarez",4/18/2024
807,Healt Final,Health,427.21,171.1,746,Bond-French,10/4/2023
808,Clothin Claim,Clothing,368.03,140.65,987,Hernandez-Williams,8/31/2020
809,Home & Kitche Least,Home & Kitchen,132.64,47.78,586,"Morales, Richards and Wilson",5/17/2023
810,Electronic There,Electronics,498.08,174.19,698,Blackwell Ltd,10/6/2021
811,Healt Approach,Health,36,12.79,741,"Garcia, Young and Thomas",4/28/2021
812,Electronic Friend,Electronics,120.48,59.48,44,Pugh-Harvey,8/24/2024
813,Home & Kitche Military,Home & Kitchen,455.52,159.42,699,Bradshaw Group,8/26/2020
814,Healt Usually,Health,178.64,115.93,434,Anderson Ltd,4/1/2021
815,Healt Which,Health,430.06,225.29,454,"Welch, Beck and Brown",10/16/2024
816,Book Bad,Books,238.74,145.08,77,Aguirre-Jackson,11/1/2024
817,Grocer Including,Grocery,347.96,182.1,472,"Willis, Franklin and Powell",6/22/2020
818,Book Win,Books,193.69,116.9,299,Lucero Ltd,4/16/2025
819,Toy Prepare,Toys,106.18,71.92,374,Bailey and Sons,12/8/2020
820,Automotiv Reality,Automotive,121.27,84.1,323,"Smith, Lopez and Velez",6/7/2022
821,Automotiv Exist,Automotive,403.87,255.46,182,"Stone, Harvey and Ballard",1/2/2024
822,Clothin Off,Clothing,357.77,107.86,522,Walker Inc,2/18/2021
823,Grocer Gas,Grocery,383.67,253.2,385,Meyer-Medina,5/2/2022
824,Beaut Wait,Beauty,19.05,10.02,904,"Martin, Richardson and Olson",5/21/2023
825,Grocer Investment,Grocery,369.19,158.9,991,Moreno Inc,12/1/2023
826,Automotiv General,Automotive,410.29,235.07,615,Gardner Ltd,2/23/2023
827,Healt Speak,Health,136.15,78.34,395,Smith-Reed,12/24/2021
828,Home & Kitche Challenge,Home & Kitchen,72.76,33.33,471,Acosta-Cannon,9/13/2024
829,Home & Kitche Hear,Home & Kitchen,478.52,207.02,544,"Wilson, Baker and Mcfarland",1/3/2025
830,Home & Kitche Or,Home & Kitchen,239.96,163.23,649,Perez-Rush,7/29/2023
831,Toy Yeah,Toys,384.23,211.88,232,Prince-Gonzales,4/14/2025
832,Grocer Peace,Grocery,83.74,49.19,825,Smith Inc,7/29/2020
833,Home & Kitche Pull,Home & Kitchen,218.24,72.46,352,Parker-Flynn,5/21/2025
834,Automotiv Despite,Automotive,283.39,152.98,388,Flores LLC,8/8/2022
835,Electronic Federal,Electronics,107.13,56.98,262,Kaufman-Marshall,5/13/2025
836,Automotiv Wear,Automotive,186.9,93.95,638,"Taylor, Gates and Ferguson",8/3/2024
837,Sport Create,Sports,212.21,141.86,757,"Henry, Johnson and Neal",2/22/2022
838,Grocer Figure,Grocery,486.41,298.91,604,"Schmidt, Gutierrez and Schmidt",6/3/2021
839,Grocer Choose,Grocery,6.95,3.18,767,Hill-Baker,6/15/2023
840,Healt Southern,Health,426.96,129.52,443,Hamilton-Lucas,8/8/2021
841,Electronic Home,Electronics,90.94,61.8,766,"Garcia, Newton and Reeves",6/9/2025
842,Electronic May,Electronics,54.5,29,737,"Green, Brooks and Hill",10/14/2024
843,Book Imagine,Books,144.02,91.53,10,Shea-Myers,10/10/2020
844,Beaut Understand,Beauty,172.77,83.22,22,Nelson Inc,2/17/2022
845,Toy Friend,Toys,129.61,68.43,146,"Clark, Harrington and Mcdonald",5/26/2024
846,Electronic Plan,Electronics,264.74,85.99,868,Mendez-Cooper,9/30/2020
847,Beaut Move,Beauty,460.63,152.05,494,Garcia Ltd,3/5/2021
848,Grocer Floor,Grocery,158.91,75.31,38,Bryant LLC,5/28/2023
849,Beaut Shoulder,Beauty,388.29,270.28,475,Smith Ltd,2/20/2022
850,Healt Help,Health,421.39,150.21,128,Payne LLC,4/1/2025
851,Beaut Make,Beauty,310.5,111.17,146,"Wiggins, Jones and Williams",9/19/2021
852,Beaut Discuss,Beauty,436.29,145.14,73,Hill-Johnson,11/5/2022
853,Electronic Recently,Electronics,259.03,80.06,960,White PLC,5/16/2025
854,Home & Kitche Tend,Home & Kitchen,398.21,224.85,885,"Walker, King and Brewer",5/16/2021
855,Automotiv Him,Automotive,477.43,317.28,812,Jennings LLC,1/14/2024
856,Clothin Treat,Clothing,119.7,37.59,25,"Moore, Woods and Watkins",10/27/2020
857,Home & Kitche You,Home & Kitchen,342.68,237.97,384,"Soto, Chang and Zimmerman",11/1/2020
858,Electronic Actually,Electronics,458.29,249.73,16,"Haas, Spencer and Orozco",9/14/2023
859,Healt Us,Health,317.49,105.99,212,Shaw Ltd,8/5/2021
860,Grocer Instead,Grocery,54.41,34.91,618,Barrera LLC,9/20/2022
861,Home & Kitche Participant,Home & Kitchen,80.32,54.24,536,Roberts Ltd,11/20/2023
862,Clothin Be,Clothing,350.8,244.76,801,Zuniga LLC,7/11/2023
863,Sport Hand,Sports,63.2,36.84,304,Gonzalez-Russo,6/5/2021
864,Beaut Author,Beauty,19.24,7.83,53,Johnson-Hill,5/7/2025
865,Book Ahead,Books,118.6,36.93,761,Boone and Sons,5/2/2022
866,Automotiv Kitchen,Automotive,194.81,67.43,820,"Acosta, Hernandez and Welch",6/9/2024
867,Sport Offer,Sports,153.89,96.37,758,Martinez Ltd,12/27/2024
868,Clothin Huge,Clothing,263.34,118.78,797,Goodwin Ltd,1/31/2024
869,Toy Collection,Toys,393.55,118.52,278,Nguyen-Gonzalez,12/6/2020
870,Grocer Energy,Grocery,161.99,105.75,686,"Henson, Stewart and Vaughn",3/6/2021
871,Beaut Page,Beauty,289.34,184.58,240,"Schmitt, Gonzales and Barr",1/5/2023
872,Grocer Respond,Grocery,396.41,172.12,371,Reilly LLC,4/29/2022
873,Toy Although,Toys,320.88,154.17,241,Shelton and Sons,7/29/2020
874,Clothin Board,Clothing,330.25,177.07,393,Williams Ltd,9/23/2024
875,Automotiv Especially,Automotive,218.89,86.76,322,Mitchell Inc,1/3/2021
876,Electronic Report,Electronics,201.72,130.54,863,Hendrix-Soto,3/9/2022
877,Book At,Books,139.12,63.71,178,"Escobar, Watkins and Brock",3/7/2023
878,Sport Nation,Sports,309.92,140.67,588,Robinson Group,3/23/2022
879,Toy Moment,Toys,488.49,205.86,22,"Parker, Evans and Mendez",5/11/2024
880,Automotiv Election,Automotive,409.4,200.83,122,Scott-Lewis,11/3/2020
881,Automotiv Eight,Automotive,189.29,110.8,755,Durham Group,5/7/2022
882,Automotiv Rise,Automotive,137.16,63.4,842,"Weber, Perkins and Guerra",9/13/2022
883,Book Hot,Books,239.2,73.36,85,"Holden, Vargas and Hodge",5/23/2023
884,Home & Kitche Keep,Home & Kitchen,399.7,152.14,757,Anderson-Carr,12/20/2024
885,Automotiv Not,Automotive,156.69,106.88,373,"Silva, Robbins and Garcia",12/19/2020
886,Grocer Into,Grocery,67.84,35,219,Flynn and Sons,11/26/2024
887,Home & Kitche Become,Home & Kitchen,214.75,97.32,700,King and Sons,1/29/2024
888,Automotiv People,Automotive,327.56,129.78,629,Waters LLC,12/6/2023
889,Healt Hit,Health,475.45,154.91,247,"Martinez, Davidson and Garcia",12/3/2022
890,Beaut Finish,Beauty,231.14,127.79,617,Griffin-Klein,12/8/2024
891,Home & Kitche Five,Home & Kitchen,317.86,133.36,701,Atkinson-Mills,11/22/2024
892,Home & Kitche Bill,Home & Kitchen,381.87,146.41,623,"Moran, Phillips and West",12/8/2024
893,Healt Tend,Health,407.65,245.83,370,"Harvey, Harvey and Fuentes",11/30/2022
894,Healt Wide,Health,499.76,228.31,798,Thompson-Lawrence,5/17/2024
895,Home & Kitche Us,Home & Kitchen,344.67,126.42,581,"James, Booker and Harper",6/9/2024
896,Sport Over,Sports,347.09,230.55,450,"Walker, Mendoza and Webb",10/7/2023
897,Toy Ahead,Toys,50.95,31.7,251,Smith and Sons,10/31/2023
898,Automotiv Know,Automotive,230.85,79.34,17,Cooper-Mendoza,9/28/2020
899,Clothin Door,Clothing,109.76,71.53,931,"Bailey, Sanchez and Clark",3/23/2023
900,Automotiv On,Automotive,321.91,108.67,616,"Pierce, Larson and Evans",12/21/2020
901,Toy Student,Toys,85.63,28.14,216,"Hunter, Hansen and Brown",11/3/2024
902,Beaut Maintain,Beauty,236.42,129.45,159,Smith-Burns,11/30/2022
903,Toy Certain,Toys,348.81,129.22,439,Jones-Gardner,3/13/2025
904,Sport Five,Sports,396.88,206.52,898,Murray PLC,12/16/2021
905,Healt Keep,Health,411.97,226.82,854,"Pham, Zhang and Baker",12/14/2021
906,Beaut Movement,Beauty,471.73,150.65,726,Bailey-Martin,1/7/2025
907,Healt Wait,Health,49.18,29.19,789,Burch-Bradford,11/8/2024
908,Toy Window,Toys,150.22,58.93,539,Gordon and Sons,3/9/2023
909,Clothin Read,Clothing,14.42,6.47,628,Orr-Miranda,4/16/2024
910,Clothin Image,Clothing,133.99,61.75,92,Ramirez and Sons,8/12/2022
911,Book City,Books,172.56,60.78,124,Schmitt Ltd,2/3/2023
912,Electronic Vote,Electronics,432.92,148.15,731,Rodriguez-Davis,12/17/2023
913,Toy Class,Toys,418.45,134.05,987,Howell-Gordon,3/2/2023
914,Toy Tough,Toys,368.31,121.79,830,Turner-Daugherty,11/5/2024
915,Sport Ground,Sports,22.68,8.26,194,Lewis Ltd,3/16/2022
916,Automotiv News,Automotive,58.27,38.77,222,Jones and Sons,8/17/2023
917,Toy Person,Toys,87.27,57.78,16,"Sims, Frost and Mercer",6/30/2020
918,Home & Kitche Life,Home & Kitchen,334.11,199.03,61,Rollins Ltd,6/9/2021
919,Book Create,Books,277.64,140.74,367,"Jordan, Flores and White",3/25/2021
920,Healt Mean,Health,270.08,147.21,600,"Hopkins, Morris and Fleming",5/17/2022
921,Grocer Watch,Grocery,86.74,41.06,51,"Mendez, Rush and Nielsen",12/8/2023
922,Grocer Scientist,Grocery,184.79,69.67,226,Barker LLC,1/14/2023
923,Home & Kitche Part,Home & Kitchen,230.4,156.57,705,Terry-Short,5/16/2025
924,Home & Kitche Artist,Home & Kitchen,200.33,118.01,769,Hughes-French,1/17/2022
925,Healt Religious,Health,486.21,257.38,30,"Booker, Gomez and Wilkinson",5/20/2022
926,Automotiv Watch,Automotive,281.86,195.62,312,Smith-Morris,9/6/2024
927,Healt Apply,Health,470.72,225.75,882,Buck LLC,10/10/2023
928,Home & Kitche Thus,Home & Kitchen,316.42,200.97,400,"Bell, Williams and Phillips",4/30/2021
929,Automotiv Include,Automotive,321.63,96.71,95,Little-Rios,5/9/2025
930,Book Word,Books,116.3,75.98,102,Turner-Harrington,8/16/2020
931,Book Particularly,Books,147.62,69.52,699,Lee-Durham,2/3/2023
932,Healt Skill,Health,301.03,196.79,693,Perkins-Gibson,2/4/2021
933,Home & Kitche Shake,Home & Kitchen,240.76,141.92,435,Wade-Oliver,5/19/2024
934,Electronic Other,Electronics,414.99,189.85,187,Salinas LLC,6/1/2021
935,Beaut Population,Beauty,384.14,218.32,334,"Andrews, Cameron and Simpson",6/11/2022
936,Book Look,Books,412.39,206.97,86,"Cook, Strickland and Daniel",8/31/2024
937,Healt Have,Health,418.02,130.34,429,Allison Group,11/3/2024
938,Home & Kitche South,Home & Kitchen,116.97,42.92,782,Best LLC,1/10/2023
939,Toy Would,Toys,37.59,16.31,171,Ortiz LLC,3/26/2023
940,Toy Prevent,Toys,39.36,25.53,179,Foster Inc,3/9/2021
941,Book Evidence,Books,349.45,161.99,125,Johnson-Lopez,6/26/2020
942,Book Care,Books,113.12,51.2,48,"Kim, Wilson and Brown",10/7/2024
943,Clothin Technology,Clothing,145.94,64.28,949,"Smith, Munoz and Meyer",8/26/2021
944,Sport Sign,Sports,312.9,211.6,756,Archer-Evans,7/16/2022
945,Beaut Play,Beauty,163.78,110.81,976,Hernandez-Santos,2/28/2024
946,Beaut Usually,Beauty,161.63,94.66,445,"Anderson, Brennan and Jones",3/16/2021
947,Beaut Everyone,Beauty,189.09,131.11,395,Norris-Hooper,3/21/2025
948,Sport Already,Sports,460.45,200.04,860,"Vega, Cole and Curtis",10/5/2020
949,Automotiv Could,Automotive,296.61,92.5,595,Sherman Ltd,7/29/2022
950,Healt Single,Health,311.73,178.25,838,"Bush, Richardson and Smith",2/4/2024
951,Healt My,Health,103.36,61.14,954,"Christian, Hanna and Cobb",7/7/2024
952,Home & Kitche Us,Home & Kitchen,119.57,72.13,225,Wise-Jones,7/20/2021
953,Book Road,Books,117.06,41.35,791,"Coffey, Ramirez and Zimmerman",5/22/2022
954,Electronic Set,Electronics,211.24,79.51,437,"Mclaughlin, Mann and Smith",5/6/2025
955,Healt Team,Health,383.35,142.62,733,"Walters, Meza and Rodriguez",11/15/2021
956,Clothin Approach,Clothing,174.95,112.23,954,Wood LLC,2/29/2024
957,Sport Certain,Sports,488.18,316.04,176,Jackson-Cooper,4/12/2022
958,Automotiv A,Automotive,120.9,37.67,504,"Herrera, Barrett and Price",4/24/2025
959,Toy Record,Toys,260.33,138.67,928,Moore-Ryan,6/10/2021
960,Beaut Long,Beauty,374.73,237.82,985,Ellis Ltd,6/8/2024
961,Automotiv Seven,Automotive,155.49,107.31,803,"Thomas, Mcclure and Frederick",2/8/2024
962,Sport Stage,Sports,80.14,42.73,352,Jones Inc,4/5/2021
963,Book Sport,Books,425.3,216.46,473,Palmer-Walters,6/18/2023
964,Automotiv Dog,Automotive,127.96,42.46,296,Moran-Hayden,6/11/2025
965,Grocer Similar,Grocery,196.91,82.82,165,Smith Inc,10/16/2022
966,Electronic Lead,Electronics,172.19,53.55,899,"Moody, Walker and Grant",9/4/2023
967,Beaut Pick,Beauty,276.15,135.37,89,Brown Ltd,4/7/2022
968,Beaut Decade,Beauty,490.89,173.68,911,"Gaines, Fowler and Rasmussen",8/13/2023
969,Automotiv With,Automotive,179.48,117.58,583,Zuniga-Petersen,8/11/2021
970,Book Little,Books,447.36,306.62,142,Malone-Howard,1/28/2024
971,Grocer Put,Grocery,118.04,41.71,196,"Pratt, Sutton and Forbes",1/15/2023
972,Home & Kitche Cultural,Home & Kitchen,318.63,155.74,610,"Burns, Lopez and Phillips",5/26/2022
973,Electronic Occur,Electronics,204.83,116.95,536,Lawrence-Owen,7/15/2022
974,Electronic There,Electronics,136.08,88.38,71,Hernandez PLC,2/27/2025
975,Sport Rise,Sports,455.64,214.62,399,Wagner and Sons,1/15/2023
976,Grocer Yeah,Grocery,357.76,188.9,894,Mccullough-Ortega,9/23/2022
977,Home & Kitche Record,Home & Kitchen,145.24,72.96,522,Brown Group,6/9/2021
978,Grocer Despite,Grocery,254.83,103.13,813,"Mcdaniel, Gray and Marsh",2/15/2023
979,Toy Huge,Toys,21.95,6.74,998,Thomas LLC,1/29/2025
980,Home & Kitche Throw,Home & Kitchen,250.33,132.45,737,Palmer PLC,8/12/2024
981,Home & Kitche She,Home & Kitchen,172.05,87.42,25,Rhodes-Graves,5/4/2022
982,Automotiv Inside,Automotive,295.58,96.99,377,Banks LLC,4/27/2022
983,Toy Shake,Toys,165.52,68.58,282,Hill-Brown,12/29/2023
984,Book Dog,Books,377.14,202,415,Gallegos Group,7/27/2024
985,Electronic Movie,Electronics,297.64,202.46,937,"Delgado, Herrera and Bennett",1/19/2023
986,Beaut Allow,Beauty,391.2,143.55,174,"Williamson, Thompson and Waller",8/2/2020
987,Clothin It,Clothing,374.07,202.9,901,Brown-Collins,12/19/2024
988,Toy Four,Toys,83.73,53.5,964,Craig-Carter,8/17/2020
989,Sport Child,Sports,272.01,121.75,15,"Vang, Frank and Long",4/16/2021
990,Grocer See,Grocery,374.3,129.06,160,Dawson Inc,4/14/2025
991,Healt Sometimes,Health,5.56,3.03,124,"Williams, Evans and Hampton",5/6/2021
992,Clothin Statement,Clothing,489.01,171.13,647,"Walker, Rivera and Lopez",3/6/2025
993,Toy Which,Toys,418.89,214.29,263,Fuller LLC,5/24/2021
994,Sport Traditional,Sports,15.08,6.14,714,Turner-Guzman,4/28/2025
995,Automotiv Close,Automotive,243.93,85.94,55,Ramsey Inc,6/8/2025
996,Beaut Present,Beauty,20.33,7.7,739,Fitzgerald and Sons,9/21/2023
997,Electronic Two,Electronics,38.46,15.68,447,Pennington-Davis,12/23/2024
998,Automotiv Of,Automotive,117.08,73.13,987,Davis Inc,12/21/2020
999,Home & Kitche Fill,Home & Kitchen,187.12,82.63,704,"Garcia, Wilson and Walker",10/2/2024
1000,Sport Deep,Sports,182.48,85.71,984,Rojas Ltd,10/3/2020
